messageid,senderid,recieverid,msg,stamp
1,6,4,"luctus tincidunt nulla mollis molestie lorem quisque ut erat curabitur gravida nisi at nibh in hac",2024/08/04
2,4,6,"sapien placerat ante nulla justo aliquam quis turpis eget elit sodales scelerisque mauris sit amet eros",2024/08/04
3,8,9,"posuere felis sed lacus morbi sem mauris laoreet ut rhoncus aliquet",2024/08/03
4,2,6,"metus arcu adipiscing molestie hendrerit at vulputate vitae nisl aenean lectus pellentesque",2024/08/04
5,5,9,"mauris enim leo rhoncus sed vestibulum sit amet cursus id turpis integer aliquet massa id lobortis convallis tortor risus dapibus",2024/08/03
6,1,1,"enim blandit mi in porttitor pede justo eu massa donec dapibus duis at velit eu est congue elementum in",2024/08/03
7,9,7,"tincidunt ante vel ipsum praesent blandit lacinia erat vestibulum sed magna at nunc commodo placerat praesent blandit nam",2024/08/02
8,3,1,"in leo maecenas pulvinar lobortis est phasellus sit amet erat nulla tempus vivamus in felis",2024/08/05
9,7,4,"luctus et ultrices posuere cubilia curae mauris viverra diam vitae quam suspendisse potenti",2024/08/05
10,10,3,"augue luctus tincidunt nulla mollis molestie lorem quisque ut erat curabitur gravida",2024/08/04
11,1,6,"sit amet lobortis sapien sapien non mi integer ac neque duis bibendum",2024/08/03
12,5,2,"lectus pellentesque at nulla suspendisse potenti cras in purus eu magna vulputate luctus cum sociis natoque penatibus",2024/08/01
13,5,2,"ante nulla justo aliquam quis turpis eget elit sodales scelerisque mauris sit amet eros suspendisse accumsan",2024/08/01
14,6,4,"accumsan tellus nisi eu orci mauris lacinia sapien quis libero nullam sit amet turpis elementum ligula vehicula consequat morbi",2024/08/01
15,6,10,"non velit donec diam neque vestibulum eget vulputate ut ultrices vel augue vestibulum",2024/08/01
16,7,9,"est risus auctor sed tristique in tempus sit amet sem fusce",2024/08/02
17,1,8,"risus semper porta volutpat quam pede lobortis ligula sit amet eleifend pede libero quis orci",2024/08/04
18,8,5,"nullam sit amet turpis elementum ligula vehicula consequat morbi a ipsum integer a nibh in quis",2024/08/01
19,7,7,"lacinia eget tincidunt eget tempus vel pede morbi porttitor lorem id ligula suspendisse ornare",2024/08/02
20,5,8,"erat vestibulum sed magna at nunc commodo placerat praesent blandit nam nulla integer pede justo lacinia",2024/08/02
21,5,4,"augue vestibulum ante ipsum primis in faucibus orci luctus et",2024/08/03
22,7,7,"augue quam sollicitudin vitae consectetuer eget rutrum at lorem integer tincidunt ante vel",2024/08/03
23,8,1,"adipiscing lorem vitae mattis nibh ligula nec sem duis aliquam",2024/08/02
24,2,3,"aliquam quis turpis eget elit sodales scelerisque mauris sit amet eros suspendisse accumsan tortor quis turpis sed ante vivamus tortor",2024/08/02
25,3,10,"vitae mattis nibh ligula nec sem duis aliquam convallis nunc",2024/08/01
26,8,6,"quis turpis eget elit sodales scelerisque mauris sit amet eros",2024/08/04
27,5,10,"tincidunt in leo maecenas pulvinar lobortis est phasellus sit amet erat nulla tempus vivamus",2024/08/04
28,9,8,"mi integer ac neque duis bibendum morbi non quam nec dui luctus rutrum nulla tellus in sagittis dui vel nisl",2024/08/05
29,9,10,"vestibulum aliquet ultrices erat tortor sollicitudin mi sit amet lobortis sapien sapien non mi integer ac neque duis bibendum morbi",2024/08/03
30,6,6,"ut suscipit a feugiat et eros vestibulum ac est lacinia nisi venenatis tristique fusce congue",2024/08/01
31,5,3,"massa donec dapibus duis at velit eu est congue elementum in hac",2024/08/04
32,7,7,"donec posuere metus vitae ipsum aliquam non mauris morbi non lectus aliquam sit amet diam in magna bibendum imperdiet nullam",2024/08/02
33,9,6,"lacinia eget tincidunt eget tempus vel pede morbi porttitor lorem id",2024/08/03
34,5,9,"maecenas leo odio condimentum id luctus nec molestie sed justo pellentesque",2024/08/01
35,2,3,"ut nulla sed accumsan felis ut at dolor quis odio consequat varius integer ac leo pellentesque ultrices mattis",2024/08/05
36,5,10,"felis fusce posuere felis sed lacus morbi sem mauris laoreet ut rhoncus aliquet pulvinar sed nisl nunc rhoncus",2024/08/03
37,9,7,"mollis molestie lorem quisque ut erat curabitur gravida nisi at nibh in hac habitasse platea",2024/08/04
38,10,4,"felis sed interdum venenatis turpis enim blandit mi in porttitor pede justo eu massa donec dapibus",2024/08/02
39,9,9,"nulla ultrices aliquet maecenas leo odio condimentum id luctus nec molestie sed justo pellentesque viverra pede ac diam cras",2024/08/05
40,6,7,"maecenas tincidunt lacus at velit vivamus vel nulla eget eros elementum pellentesque quisque porta volutpat",2024/08/04
41,10,2,"dui proin leo odio porttitor id consequat in consequat ut nulla sed accumsan felis ut at dolor quis odio",2024/08/05
42,6,10,"luctus et ultrices posuere cubilia curae donec pharetra magna vestibulum aliquet",2024/08/02
43,7,7,"curabitur in libero ut massa volutpat convallis morbi odio odio elementum eu",2024/08/01
44,5,5,"velit vivamus vel nulla eget eros elementum pellentesque quisque porta volutpat erat quisque erat eros viverra eget congue",2024/08/05
45,10,4,"vestibulum proin eu mi nulla ac enim in tempor turpis nec euismod scelerisque quam",2024/08/01
46,8,7,"sit amet sem fusce consequat nulla nisl nunc nisl duis bibendum felis sed interdum venenatis",2024/08/01
47,6,7,"in hac habitasse platea dictumst morbi vestibulum velit id pretium iaculis diam erat fermentum justo nec condimentum neque sapien placerat",2024/08/04
48,7,3,"nunc donec quis orci eget orci vehicula condimentum curabitur in libero ut massa volutpat convallis morbi odio",2024/08/03
49,1,7,"purus aliquet at feugiat non pretium quis lectus suspendisse potenti in eleifend quam a odio in hac habitasse",2024/08/05
50,2,6,"congue etiam justo etiam pretium iaculis justo in hac habitasse platea dictumst etiam faucibus cursus",2024/08/05
51,10,2,"mauris non ligula pellentesque ultrices phasellus id sapien in sapien iaculis congue vivamus metus arcu adipiscing",2024/08/03
52,6,1,"libero quis orci nullam molestie nibh in lectus pellentesque at nulla suspendisse potenti cras in purus eu magna vulputate",2024/08/01
53,8,5,"est congue elementum in hac habitasse platea dictumst morbi vestibulum velit id pretium iaculis diam erat fermentum justo nec",2024/08/05
54,5,10,"adipiscing elit proin interdum mauris non ligula pellentesque ultrices phasellus id",2024/08/01
55,8,8,"sit amet eleifend pede libero quis orci nullam molestie nibh",2024/08/04
56,6,9,"erat tortor sollicitudin mi sit amet lobortis sapien sapien non mi",2024/08/02
57,3,5,"rhoncus mauris enim leo rhoncus sed vestibulum sit amet cursus id turpis integer aliquet massa id lobortis convallis",2024/08/04
58,6,4,"curae donec pharetra magna vestibulum aliquet ultrices erat tortor sollicitudin mi sit amet lobortis sapien sapien",2024/08/04
59,1,8,"in faucibus orci luctus et ultrices posuere cubilia curae mauris viverra diam vitae quam suspendisse potenti",2024/08/05
60,8,5,"bibendum felis sed interdum venenatis turpis enim blandit mi in porttitor pede justo eu massa donec dapibus duis",2024/08/03
61,10,2,"morbi ut odio cras mi pede malesuada in imperdiet et commodo vulputate justo in blandit ultrices enim lorem",2024/08/01
62,6,8,"dui vel sem sed sagittis nam congue risus semper porta volutpat quam pede lobortis ligula sit amet eleifend pede libero",2024/08/04
63,8,2,"leo maecenas pulvinar lobortis est phasellus sit amet erat nulla tempus vivamus in felis eu sapien cursus vestibulum proin eu",2024/08/01
64,5,3,"id pretium iaculis diam erat fermentum justo nec condimentum neque sapien placerat ante nulla",2024/08/02
65,8,7,"sed lacus morbi sem mauris laoreet ut rhoncus aliquet pulvinar sed nisl nunc rhoncus dui vel sem sed",2024/08/04
66,6,6,"aliquet maecenas leo odio condimentum id luctus nec molestie sed justo pellentesque",2024/08/02
67,7,8,"donec vitae nisi nam ultrices libero non mattis pulvinar nulla pede ullamcorper augue a suscipit nulla elit ac",2024/08/01
68,4,8,"volutpat convallis morbi odio odio elementum eu interdum eu tincidunt in leo maecenas pulvinar lobortis",2024/08/05
69,7,3,"parturient montes nascetur ridiculus mus etiam vel augue vestibulum rutrum rutrum neque",2024/08/05
70,1,9,"lectus in est risus auctor sed tristique in tempus sit amet sem",2024/08/02
71,4,6,"vestibulum ante ipsum primis in faucibus orci luctus et ultrices posuere",2024/08/02
72,6,4,"pulvinar lobortis est phasellus sit amet erat nulla tempus vivamus",2024/08/05
73,6,7,"nec nisi volutpat eleifend donec ut dolor morbi vel lectus in quam fringilla rhoncus mauris",2024/08/05
74,6,10,"curabitur in libero ut massa volutpat convallis morbi odio odio elementum eu interdum eu tincidunt in leo maecenas pulvinar",2024/08/04
75,8,1,"mauris laoreet ut rhoncus aliquet pulvinar sed nisl nunc rhoncus dui vel sem sed sagittis nam congue risus semper porta",2024/08/01
76,7,4,"nisl nunc rhoncus dui vel sem sed sagittis nam congue risus semper porta volutpat",2024/08/04
77,4,5,"ipsum primis in faucibus orci luctus et ultrices posuere cubilia curae mauris",2024/08/04
78,8,9,"ridiculus mus vivamus vestibulum sagittis sapien cum sociis natoque penatibus et magnis dis parturient montes nascetur ridiculus mus etiam vel",2024/08/01
79,10,3,"ut massa quis augue luctus tincidunt nulla mollis molestie lorem quisque",2024/08/05
80,1,4,"leo maecenas pulvinar lobortis est phasellus sit amet erat nulla tempus vivamus in felis eu sapien cursus",2024/08/02
81,8,5,"ut erat curabitur gravida nisi at nibh in hac habitasse platea dictumst aliquam",2024/08/04
82,9,1,"quis turpis sed ante vivamus tortor duis mattis egestas metus aenean fermentum donec",2024/08/01
83,3,5,"lorem quisque ut erat curabitur gravida nisi at nibh in hac habitasse platea dictumst aliquam augue quam sollicitudin",2024/08/02
84,5,5,"sapien urna pretium nisl ut volutpat sapien arcu sed augue aliquam erat volutpat in congue etiam justo etiam",2024/08/03
85,2,1,"pellentesque at nulla suspendisse potenti cras in purus eu magna vulputate luctus cum sociis natoque penatibus et magnis dis",2024/08/05
86,5,4,"neque sapien placerat ante nulla justo aliquam quis turpis eget elit sodales scelerisque mauris sit amet eros suspendisse accumsan",2024/08/01
87,5,3,"sociis natoque penatibus et magnis dis parturient montes nascetur ridiculus mus vivamus",2024/08/04
88,2,1,"nulla nisl nunc nisl duis bibendum felis sed interdum venenatis turpis enim",2024/08/01
89,2,1,"nunc rhoncus dui vel sem sed sagittis nam congue risus semper porta volutpat quam pede",2024/08/05
90,5,5,"nam ultrices libero non mattis pulvinar nulla pede ullamcorper augue a",2024/08/01
91,9,10,"sed justo pellentesque viverra pede ac diam cras pellentesque volutpat dui maecenas tristique est et tempus semper",2024/08/03
92,9,1,"nisl duis bibendum felis sed interdum venenatis turpis enim blandit mi in",2024/08/04
93,5,3,"non mauris morbi non lectus aliquam sit amet diam in magna bibendum imperdiet nullam orci pede venenatis non sodales",2024/08/04
94,10,3,"rutrum at lorem integer tincidunt ante vel ipsum praesent blandit lacinia erat vestibulum sed magna at nunc commodo",2024/08/05
95,5,7,"sed accumsan felis ut at dolor quis odio consequat varius integer ac leo pellentesque",2024/08/03
96,6,7,"nam nulla integer pede justo lacinia eget tincidunt eget tempus vel pede morbi porttitor lorem id",2024/08/01
97,6,9,"lobortis convallis tortor risus dapibus augue vel accumsan tellus nisi eu",2024/08/01
98,1,6,"sed tincidunt eu felis fusce posuere felis sed lacus morbi sem mauris laoreet ut rhoncus",2024/08/02
99,2,3,"nibh quisque id justo sit amet sapien dignissim vestibulum vestibulum ante ipsum primis in faucibus",2024/08/05
100,3,6,"libero nullam sit amet turpis elementum ligula vehicula consequat morbi a ipsum integer",2024/08/03
